filename,mos
287.bmp,30.911602
1141.JPG,70.67416
366.bmp,53.86631
866.JPG,80.69524
429.bmp,13.005682
431.bmp,46.41573
520.bmp,59.00518
1149.JPG,72.12727
361.bmp,67.3815
911.JPG,70.28658
